epoch,total time,train loss,val loss,test loss,train Accuracy,val Accuracy,test Accuracy,model_config,data_config,transformer,val_test_transformer
0,33.934664249420166,0.5703949215737256,0.5234118178486824,0.5224573705345392,0.7457142857142857,0.782,0.78,InceptionResidualNet_config_1 (adam + reduceLROnPlateau),Augmentation Method 1,"Compose(
      ToPILImage()
      Resize(size=[224, 224], interpolation=InterpolationMode.BILINEAR, antialias=True)
      RandomHorizontalFlip(p=0.5)
      RandomVerticalFlip(p=0.5)
      RandomRotation(degrees=[-30.0, 30.0], interpolation=InterpolationMode.NEAREST, expand=False, fill=0)
      ColorJitter(brightness=(0.8, 1.2), contrast=(0.8, 1.2))
      ToTensor()
      Normalize(mean=[0.485, 0.456, 0.406], std=[0.229, 0.224, 0.225], inplace=False)
)","Compose(
      ToPILImage()
      Resize(size=[224, 224], interpolation=InterpolationMode.BILINEAR, antialias=True)
      ToTensor()
      Normalize(mean=[0.485, 0.456, 0.406], std=[0.229, 0.224, 0.225], inplace=False)
)"
1,67.19730234146118,0.5323556954210454,0.5174394911155105,0.5149343870580196,0.7714285714285715,0.789,0.796,InceptionResidualNet_config_1 (adam + reduceLROnPlateau),Augmentation Method 1,"Compose(
      ToPILImage()
      Resize(size=[224, 224], interpolation=InterpolationMode.BILINEAR, antialias=True)
      RandomHorizontalFlip(p=0.5)
      RandomVerticalFlip(p=0.5)
      RandomRotation(degrees=[-30.0, 30.0], interpolation=InterpolationMode.NEAREST, expand=False, fill=0)
      ColorJitter(brightness=(0.8, 1.2), contrast=(0.8, 1.2))
      ToTensor()
      Normalize(mean=[0.485, 0.456, 0.406], std=[0.229, 0.224, 0.225], inplace=False)
)","Compose(
      ToPILImage()
      Resize(size=[224, 224], interpolation=InterpolationMode.BILINEAR, antialias=True)
      ToTensor()
      Normalize(mean=[0.485, 0.456, 0.406], std=[0.229, 0.224, 0.225], inplace=False)
)"
2,100.35868883132935,0.5313070505857468,0.5227052047848701,0.516648206859827,0.7685714285714286,0.777,0.79,InceptionResidualNet_config_1 (adam + reduceLROnPlateau),Augmentation Method 1,"Compose(
      ToPILImage()
      Resize(size=[224, 224], interpolation=InterpolationMode.BILINEAR, antialias=True)
      RandomHorizontalFlip(p=0.5)
      RandomVerticalFlip(p=0.5)
      RandomRotation(degrees=[-30.0, 30.0], interpolation=InterpolationMode.NEAREST, expand=False, fill=0)
      ColorJitter(brightness=(0.8, 1.2), contrast=(0.8, 1.2))
      ToTensor()
      Normalize(mean=[0.485, 0.456, 0.406], std=[0.229, 0.224, 0.225], inplace=False)
)","Compose(
      ToPILImage()
      Resize(size=[224, 224], interpolation=InterpolationMode.BILINEAR, antialias=True)
      ToTensor()
      Normalize(mean=[0.485, 0.456, 0.406], std=[0.229, 0.224, 0.225], inplace=False)
)"
3,133.47440838813782,0.523420428687876,0.5152207594364882,0.5108889825642109,0.7802857142857142,0.788,0.796,InceptionResidualNet_config_1 (adam + reduceLROnPlateau),Augmentation Method 1,"Compose(
      ToPILImage()
      Resize(size=[224, 224], interpolation=InterpolationMode.BILINEAR, antialias=True)
      RandomHorizontalFlip(p=0.5)
      RandomVerticalFlip(p=0.5)
      RandomRotation(degrees=[-30.0, 30.0], interpolation=InterpolationMode.NEAREST, expand=False, fill=0)
      ColorJitter(brightness=(0.8, 1.2), contrast=(0.8, 1.2))
      ToTensor()
      Normalize(mean=[0.485, 0.456, 0.406], std=[0.229, 0.224, 0.225], inplace=False)
)","Compose(
      ToPILImage()
      Resize(size=[224, 224], interpolation=InterpolationMode.BILINEAR, antialias=True)
      ToTensor()
      Normalize(mean=[0.485, 0.456, 0.406], std=[0.229, 0.224, 0.225], inplace=False)
)"
4,167.14041256904602,0.5229659977284344,0.5220406949520111,0.5144637115299702,0.782,0.777,0.794,InceptionResidualNet_config_1 (adam + reduceLROnPlateau),Augmentation Method 1,"Compose(
      ToPILImage()
      Resize(size=[224, 224], interpolation=InterpolationMode.BILINEAR, antialias=True)
      RandomHorizontalFlip(p=0.5)
      RandomVerticalFlip(p=0.5)
      RandomRotation(degrees=[-30.0, 30.0], interpolation=InterpolationMode.NEAREST, expand=False, fill=0)
      ColorJitter(brightness=(0.8, 1.2), contrast=(0.8, 1.2))
      ToTensor()
      Normalize(mean=[0.485, 0.456, 0.406], std=[0.229, 0.224, 0.225], inplace=False)
)","Compose(
      ToPILImage()
      Resize(size=[224, 224], interpolation=InterpolationMode.BILINEAR, antialias=True)
      ToTensor()
      Normalize(mean=[0.485, 0.456, 0.406], std=[0.229, 0.224, 0.225], inplace=False)
)"
5,200.0716676712036,0.5196227043867111,0.5161337535828352,0.5149949099868536,0.7825714285714286,0.787,0.788,InceptionResidualNet_config_1 (adam + reduceLROnPlateau),Augmentation Method 1,"Compose(
      ToPILImage()
      Resize(size=[224, 224], interpolation=InterpolationMode.BILINEAR, antialias=True)
      RandomHorizontalFlip(p=0.5)
      RandomVerticalFlip(p=0.5)
      RandomRotation(degrees=[-30.0, 30.0], interpolation=InterpolationMode.NEAREST, expand=False, fill=0)
      ColorJitter(brightness=(0.8, 1.2), contrast=(0.8, 1.2))
      ToTensor()
      Normalize(mean=[0.485, 0.456, 0.406], std=[0.229, 0.224, 0.225], inplace=False)
)","Compose(
      ToPILImage()
      Resize(size=[224, 224], interpolation=InterpolationMode.BILINEAR, antialias=True)
      ToTensor()
      Normalize(mean=[0.485, 0.456, 0.406], std=[0.229, 0.224, 0.225], inplace=False)
)"
0,33.172911405563354,0.5228127398274162,0.5170926293358207,0.506845910102129,0.7831428571428571,0.781,0.79,InceptionResidualNet_config_1 (adam + reduceLROnPlateau),Augmentation Method 2,"Compose(
      ToPILImage()
      Resize(size=[224, 224], interpolation=InterpolationMode.BILINEAR, antialias=True)
      RandomHorizontalFlip(p=0.5)
      RandomVerticalFlip(p=0.5)
      RandomRotation(degrees=[-15.0, 15.0], interpolation=InterpolationMode.NEAREST, expand=False, fill=0)
      ColorJitter(brightness=(0.7, 1.3), contrast=(0.7, 1.3))
      ToTensor()
      ElasticTransform(alpha=[30.0, 30.0], sigma=[5.0, 5.0], interpolation=InterpolationMode.BILINEAR, fill=0)
      Normalize(mean=[0.485, 0.456, 0.406], std=[0.229, 0.224, 0.225], inplace=False)
)","Compose(
      ToPILImage()
      Resize(size=[224, 224], interpolation=InterpolationMode.BILINEAR, antialias=True)
      ToTensor()
      Normalize(mean=[0.485, 0.456, 0.406], std=[0.229, 0.224, 0.225], inplace=False)
)"
1,66.06912040710449,0.5162798659367995,0.5285928128287196,0.5163142159581184,0.7905714285714286,0.778,0.786,InceptionResidualNet_config_1 (adam + reduceLROnPlateau),Augmentation Method 2,"Compose(
      ToPILImage()
      Resize(size=[224, 224], interpolation=InterpolationMode.BILINEAR, antialias=True)
      RandomHorizontalFlip(p=0.5)
      RandomVerticalFlip(p=0.5)
      RandomRotation(degrees=[-15.0, 15.0], interpolation=InterpolationMode.NEAREST, expand=False, fill=0)
      ColorJitter(brightness=(0.7, 1.3), contrast=(0.7, 1.3))
      ToTensor()
      ElasticTransform(alpha=[30.0, 30.0], sigma=[5.0, 5.0], interpolation=InterpolationMode.BILINEAR, fill=0)
      Normalize(mean=[0.485, 0.456, 0.406], std=[0.229, 0.224, 0.225], inplace=False)
)","Compose(
      ToPILImage()
      Resize(size=[224, 224], interpolation=InterpolationMode.BILINEAR, antialias=True)
      ToTensor()
      Normalize(mean=[0.485, 0.456, 0.406], std=[0.229, 0.224, 0.225], inplace=False)
)"
2,99.24423241615295,0.5197990999980406,0.5184312732890248,0.509268295019865,0.7874285714285715,0.785,0.78,InceptionResidualNet_config_1 (adam + reduceLROnPlateau),Augmentation Method 2,"Compose(
      ToPILImage()
      Resize(size=[224, 224], interpolation=InterpolationMode.BILINEAR, antialias=True)
      RandomHorizontalFlip(p=0.5)
      RandomVerticalFlip(p=0.5)
      RandomRotation(degrees=[-15.0, 15.0], interpolation=InterpolationMode.NEAREST, expand=False, fill=0)
      ColorJitter(brightness=(0.7, 1.3), contrast=(0.7, 1.3))
      ToTensor()
      ElasticTransform(alpha=[30.0, 30.0], sigma=[5.0, 5.0], interpolation=InterpolationMode.BILINEAR, fill=0)
      Normalize(mean=[0.485, 0.456, 0.406], std=[0.229, 0.224, 0.225], inplace=False)
)","Compose(
      ToPILImage()
      Resize(size=[224, 224], interpolation=InterpolationMode.BILINEAR, antialias=True)
      ToTensor()
      Normalize(mean=[0.485, 0.456, 0.406], std=[0.229, 0.224, 0.225], inplace=False)
)"
3,25295.14914917946,0.512719064950943,0.5195929445326328,0.5027250330895185,0.7891428571428571,0.786,0.8,InceptionResidualNet_config_1 (adam + reduceLROnPlateau),Augmentation Method 2,"Compose(
      ToPILImage()
      Resize(size=[224, 224], interpolation=InterpolationMode.BILINEAR, antialias=True)
      RandomHorizontalFlip(p=0.5)
      RandomVerticalFlip(p=0.5)
      RandomRotation(degrees=[-15.0, 15.0], interpolation=InterpolationMode.NEAREST, expand=False, fill=0)
      ColorJitter(brightness=(0.7, 1.3), contrast=(0.7, 1.3))
      ToTensor()
      ElasticTransform(alpha=[30.0, 30.0], sigma=[5.0, 5.0], interpolation=InterpolationMode.BILINEAR, fill=0)
      Normalize(mean=[0.485, 0.456, 0.406], std=[0.229, 0.224, 0.225], inplace=False)
)","Compose(
      ToPILImage()
      Resize(size=[224, 224], interpolation=InterpolationMode.BILINEAR, antialias=True)
      ToTensor()
      Normalize(mean=[0.485, 0.456, 0.406], std=[0.229, 0.224, 0.225], inplace=False)
)"
4,25338.598880052567,0.5202210995283993,0.5198965072631836,0.5141481049358845,0.7794285714285715,0.786,0.772,InceptionResidualNet_config_1 (adam + reduceLROnPlateau),Augmentation Method 2,"Compose(
      ToPILImage()
      Resize(size=[224, 224], interpolation=InterpolationMode.BILINEAR, antialias=True)
      RandomHorizontalFlip(p=0.5)
      RandomVerticalFlip(p=0.5)
      RandomRotation(degrees=[-15.0, 15.0], interpolation=InterpolationMode.NEAREST, expand=False, fill=0)
      ColorJitter(brightness=(0.7, 1.3), contrast=(0.7, 1.3))
      ToTensor()
      ElasticTransform(alpha=[30.0, 30.0], sigma=[5.0, 5.0], interpolation=InterpolationMode.BILINEAR, fill=0)
      Normalize(mean=[0.485, 0.456, 0.406], std=[0.229, 0.224, 0.225], inplace=False)
)","Compose(
      ToPILImage()
      Resize(size=[224, 224], interpolation=InterpolationMode.BILINEAR, antialias=True)
      ToTensor()
      Normalize(mean=[0.485, 0.456, 0.406], std=[0.229, 0.224, 0.225], inplace=False)
)"
5,25372.021730422974,0.5167567873542959,0.5188234094530344,0.500386381521821,0.7865714285714286,0.783,0.798,InceptionResidualNet_config_1 (adam + reduceLROnPlateau),Augmentation Method 2,"Compose(
      ToPILImage()
      Resize(size=[224, 224], interpolation=InterpolationMode.BILINEAR, antialias=True)
      RandomHorizontalFlip(p=0.5)
      RandomVerticalFlip(p=0.5)
      RandomRotation(degrees=[-15.0, 15.0], interpolation=InterpolationMode.NEAREST, expand=False, fill=0)
      ColorJitter(brightness=(0.7, 1.3), contrast=(0.7, 1.3))
      ToTensor()
      ElasticTransform(alpha=[30.0, 30.0], sigma=[5.0, 5.0], interpolation=InterpolationMode.BILINEAR, fill=0)
      Normalize(mean=[0.485, 0.456, 0.406], std=[0.229, 0.224, 0.225], inplace=False)
)","Compose(
      ToPILImage()
      Resize(size=[224, 224], interpolation=InterpolationMode.BILINEAR, antialias=True)
      ToTensor()
      Normalize(mean=[0.485, 0.456, 0.406], std=[0.229, 0.224, 0.225], inplace=False)
)"
0,1210.8446004390717,0.6862564905123277,0.6843101643025875,0.6835767850279808,0.5762857142857143,0.628,0.626,InceptionResidualNet_config_2 (sgd + reduceLROnPlateau),Augmentation Method 1,"Compose(
      ToPILImage()
      Resize(size=[224, 224], interpolation=InterpolationMode.BILINEAR, antialias=True)
      RandomHorizontalFlip(p=0.5)
      RandomVerticalFlip(p=0.5)
      RandomRotation(degrees=[-30.0, 30.0], interpolation=InterpolationMode.NEAREST, expand=False, fill=0)
      ColorJitter(brightness=(0.8, 1.2), contrast=(0.8, 1.2))
      ToTensor()
      Normalize(mean=[0.485, 0.456, 0.406], std=[0.229, 0.224, 0.225], inplace=False)
)","Compose(
      ToPILImage()
      Resize(size=[224, 224], interpolation=InterpolationMode.BILINEAR, antialias=True)
      ToTensor()
      Normalize(mean=[0.485, 0.456, 0.406], std=[0.229, 0.224, 0.225], inplace=False)
)"
1,1247.249234199524,0.6830618966709484,0.6801647674292326,0.6797570884227753,0.5962857142857143,0.73,0.732,InceptionResidualNet_config_2 (sgd + reduceLROnPlateau),Augmentation Method 1,"Compose(
      ToPILImage()
      Resize(size=[224, 224], interpolation=InterpolationMode.BILINEAR, antialias=True)
      RandomHorizontalFlip(p=0.5)
      RandomVerticalFlip(p=0.5)
      RandomRotation(degrees=[-30.0, 30.0], interpolation=InterpolationMode.NEAREST, expand=False, fill=0)
      ColorJitter(brightness=(0.8, 1.2), contrast=(0.8, 1.2))
      ToTensor()
      Normalize(mean=[0.485, 0.456, 0.406], std=[0.229, 0.224, 0.225], inplace=False)
)","Compose(
      ToPILImage()
      Resize(size=[224, 224], interpolation=InterpolationMode.BILINEAR, antialias=True)
      ToTensor()
      Normalize(mean=[0.485, 0.456, 0.406], std=[0.229, 0.224, 0.225], inplace=False)
)"
2,1280.2094266414642,0.6794791248711672,0.6769029218703508,0.6767240948975086,0.65,0.755,0.76,InceptionResidualNet_config_2 (sgd + reduceLROnPlateau),Augmentation Method 1,"Compose(
      ToPILImage()
      Resize(size=[224, 224], interpolation=InterpolationMode.BILINEAR, antialias=True)
      RandomHorizontalFlip(p=0.5)
      RandomVerticalFlip(p=0.5)
      RandomRotation(degrees=[-30.0, 30.0], interpolation=InterpolationMode.NEAREST, expand=False, fill=0)
      ColorJitter(brightness=(0.8, 1.2), contrast=(0.8, 1.2))
      ToTensor()
      Normalize(mean=[0.485, 0.456, 0.406], std=[0.229, 0.224, 0.225], inplace=False)
)","Compose(
      ToPILImage()
      Resize(size=[224, 224], interpolation=InterpolationMode.BILINEAR, antialias=True)
      ToTensor()
      Normalize(mean=[0.485, 0.456, 0.406], std=[0.229, 0.224, 0.225], inplace=False)
)"
3,1316.8464095592499,0.6765237412669441,0.6728569287806749,0.672866340726614,0.6534285714285715,0.763,0.772,InceptionResidualNet_config_2 (sgd + reduceLROnPlateau),Augmentation Method 1,"Compose(
      ToPILImage()
      Resize(size=[224, 224], interpolation=InterpolationMode.BILINEAR, antialias=True)
      RandomHorizontalFlip(p=0.5)
      RandomVerticalFlip(p=0.5)
      RandomRotation(degrees=[-30.0, 30.0], interpolation=InterpolationMode.NEAREST, expand=False, fill=0)
      ColorJitter(brightness=(0.8, 1.2), contrast=(0.8, 1.2))
      ToTensor()
      Normalize(mean=[0.485, 0.456, 0.406], std=[0.229, 0.224, 0.225], inplace=False)
)","Compose(
      ToPILImage()
      Resize(size=[224, 224], interpolation=InterpolationMode.BILINEAR, antialias=True)
      ToTensor()
      Normalize(mean=[0.485, 0.456, 0.406], std=[0.229, 0.224, 0.225], inplace=False)
)"
4,1350.8522617816925,0.6731802945787256,0.6697533298283815,0.6699140258133411,0.678,0.764,0.77,InceptionResidualNet_config_2 (sgd + reduceLROnPlateau),Augmentation Method 1,"Compose(
      ToPILImage()
      Resize(size=[224, 224], interpolation=InterpolationMode.BILINEAR, antialias=True)
      RandomHorizontalFlip(p=0.5)
      RandomVerticalFlip(p=0.5)
      RandomRotation(degrees=[-30.0, 30.0], interpolation=InterpolationMode.NEAREST, expand=False, fill=0)
      ColorJitter(brightness=(0.8, 1.2), contrast=(0.8, 1.2))
      ToTensor()
      Normalize(mean=[0.485, 0.456, 0.406], std=[0.229, 0.224, 0.225], inplace=False)
)","Compose(
      ToPILImage()
      Resize(size=[224, 224], interpolation=InterpolationMode.BILINEAR, antialias=True)
      ToTensor()
      Normalize(mean=[0.485, 0.456, 0.406], std=[0.229, 0.224, 0.225], inplace=False)
)"
5,1384.985075712204,0.671159751848741,0.6665382143110037,0.6668685562908649,0.6754285714285714,0.761,0.772,InceptionResidualNet_config_2 (sgd + reduceLROnPlateau),Augmentation Method 1,"Compose(
      ToPILImage()
      Resize(size=[224, 224], interpolation=InterpolationMode.BILINEAR, antialias=True)
      RandomHorizontalFlip(p=0.5)
      RandomVerticalFlip(p=0.5)
      RandomRotation(degrees=[-30.0, 30.0], interpolation=InterpolationMode.NEAREST, expand=False, fill=0)
      ColorJitter(brightness=(0.8, 1.2), contrast=(0.8, 1.2))
      ToTensor()
      Normalize(mean=[0.485, 0.456, 0.406], std=[0.229, 0.224, 0.225], inplace=False)
)","Compose(
      ToPILImage()
      Resize(size=[224, 224], interpolation=InterpolationMode.BILINEAR, antialias=True)
      ToTensor()
      Normalize(mean=[0.485, 0.456, 0.406], std=[0.229, 0.224, 0.225], inplace=False)
)"
6,1418.731137752533,0.6683751891959797,0.6640006005764008,0.6644187085330486,0.6942857142857143,0.76,0.766,InceptionResidualNet_config_2 (sgd + reduceLROnPlateau),Augmentation Method 1,"Compose(
      ToPILImage()
      Resize(size=[224, 224], interpolation=InterpolationMode.BILINEAR, antialias=True)
      RandomHorizontalFlip(p=0.5)
      RandomVerticalFlip(p=0.5)
      RandomRotation(degrees=[-30.0, 30.0], interpolation=InterpolationMode.NEAREST, expand=False, fill=0)
      ColorJitter(brightness=(0.8, 1.2), contrast=(0.8, 1.2))
      ToTensor()
      Normalize(mean=[0.485, 0.456, 0.406], std=[0.229, 0.224, 0.225], inplace=False)
)","Compose(
      ToPILImage()
      Resize(size=[224, 224], interpolation=InterpolationMode.BILINEAR, antialias=True)
      ToTensor()
      Normalize(mean=[0.485, 0.456, 0.406], std=[0.229, 0.224, 0.225], inplace=False)
)"
7,1452.5973958969116,0.6643586738543077,0.661188580095768,0.6615908890962601,0.7011428571428572,0.754,0.758,InceptionResidualNet_config_2 (sgd + reduceLROnPlateau),Augmentation Method 1,"Compose(
      ToPILImage()
      Resize(size=[224, 224], interpolation=InterpolationMode.BILINEAR, antialias=True)
      RandomHorizontalFlip(p=0.5)
      RandomVerticalFlip(p=0.5)
      RandomRotation(degrees=[-30.0, 30.0], interpolation=InterpolationMode.NEAREST, expand=False, fill=0)
      ColorJitter(brightness=(0.8, 1.2), contrast=(0.8, 1.2))
      ToTensor()
      Normalize(mean=[0.485, 0.456, 0.406], std=[0.229, 0.224, 0.225], inplace=False)
)","Compose(
      ToPILImage()
      Resize(size=[224, 224], interpolation=InterpolationMode.BILINEAR, antialias=True)
      ToTensor()
      Normalize(mean=[0.485, 0.456, 0.406], std=[0.229, 0.224, 0.225], inplace=False)
)"
0,38.38396453857422,0.6623891424049031,0.6589880138635635,0.6603353209793568,0.7022857142857143,0.734,0.738,InceptionResidualNet_config_2 (sgd + reduceLROnPlateau),Augmentation Method 2,"Compose(
      ToPILImage()
      Resize(size=[224, 224], interpolation=InterpolationMode.BILINEAR, antialias=True)
      RandomHorizontalFlip(p=0.5)
      RandomVerticalFlip(p=0.5)
      RandomRotation(degrees=[-15.0, 15.0], interpolation=InterpolationMode.NEAREST, expand=False, fill=0)
      ColorJitter(brightness=(0.7, 1.3), contrast=(0.7, 1.3))
      ToTensor()
      ElasticTransform(alpha=[30.0, 30.0], sigma=[5.0, 5.0], interpolation=InterpolationMode.BILINEAR, fill=0)
      Normalize(mean=[0.485, 0.456, 0.406], std=[0.229, 0.224, 0.225], inplace=False)
)","Compose(
      ToPILImage()
      Resize(size=[224, 224], interpolation=InterpolationMode.BILINEAR, antialias=True)
      ToTensor()
      Normalize(mean=[0.485, 0.456, 0.406], std=[0.229, 0.224, 0.225], inplace=False)
)"
1,74.36732196807861,0.6598917603492737,0.6569187454879284,0.6581792943179607,0.7097142857142857,0.738,0.75,InceptionResidualNet_config_2 (sgd + reduceLROnPlateau),Augmentation Method 2,"Compose(
      ToPILImage()
      Resize(size=[224, 224], interpolation=InterpolationMode.BILINEAR, antialias=True)
      RandomHorizontalFlip(p=0.5)
      RandomVerticalFlip(p=0.5)
      RandomRotation(degrees=[-15.0, 15.0], interpolation=InterpolationMode.NEAREST, expand=False, fill=0)
      ColorJitter(brightness=(0.7, 1.3), contrast=(0.7, 1.3))
      ToTensor()
      ElasticTransform(alpha=[30.0, 30.0], sigma=[5.0, 5.0], interpolation=InterpolationMode.BILINEAR, fill=0)
      Normalize(mean=[0.485, 0.456, 0.406], std=[0.229, 0.224, 0.225], inplace=False)
)","Compose(
      ToPILImage()
      Resize(size=[224, 224], interpolation=InterpolationMode.BILINEAR, antialias=True)
      ToTensor()
      Normalize(mean=[0.485, 0.456, 0.406], std=[0.229, 0.224, 0.225], inplace=False)
)"
2,108.71174502372742,0.6570407168431716,0.6538268476724625,0.6556999050080776,0.7171428571428572,0.743,0.75,InceptionResidualNet_config_2 (sgd + reduceLROnPlateau),Augmentation Method 2,"Compose(
      ToPILImage()
      Resize(size=[224, 224], interpolation=InterpolationMode.BILINEAR, antialias=True)
      RandomHorizontalFlip(p=0.5)
      RandomVerticalFlip(p=0.5)
      RandomRotation(degrees=[-15.0, 15.0], interpolation=InterpolationMode.NEAREST, expand=False, fill=0)
      ColorJitter(brightness=(0.7, 1.3), contrast=(0.7, 1.3))
      ToTensor()
      ElasticTransform(alpha=[30.0, 30.0], sigma=[5.0, 5.0], interpolation=InterpolationMode.BILINEAR, fill=0)
      Normalize(mean=[0.485, 0.456, 0.406], std=[0.229, 0.224, 0.225], inplace=False)
)","Compose(
      ToPILImage()
      Resize(size=[224, 224], interpolation=InterpolationMode.BILINEAR, antialias=True)
      ToTensor()
      Normalize(mean=[0.485, 0.456, 0.406], std=[0.229, 0.224, 0.225], inplace=False)
)"
3,143.30584692955017,0.654616490277377,0.6514152586460114,0.6531934253871441,0.7102857142857143,0.739,0.754,InceptionResidualNet_config_2 (sgd + reduceLROnPlateau),Augmentation Method 2,"Compose(
      ToPILImage()
      Resize(size=[224, 224], interpolation=InterpolationMode.BILINEAR, antialias=True)
      RandomHorizontalFlip(p=0.5)
      RandomVerticalFlip(p=0.5)
      RandomRotation(degrees=[-15.0, 15.0], interpolation=InterpolationMode.NEAREST, expand=False, fill=0)
      ColorJitter(brightness=(0.7, 1.3), contrast=(0.7, 1.3))
      ToTensor()
      ElasticTransform(alpha=[30.0, 30.0], sigma=[5.0, 5.0], interpolation=InterpolationMode.BILINEAR, fill=0)
      Normalize(mean=[0.485, 0.456, 0.406], std=[0.229, 0.224, 0.225], inplace=False)
)","Compose(
      ToPILImage()
      Resize(size=[224, 224], interpolation=InterpolationMode.BILINEAR, antialias=True)
      ToTensor()
      Normalize(mean=[0.485, 0.456, 0.406], std=[0.229, 0.224, 0.225], inplace=False)
)"
4,177.60026097297668,0.6522244177081368,0.6487430576235056,0.6510396786034107,0.7145714285714285,0.746,0.75,InceptionResidualNet_config_2 (sgd + reduceLROnPlateau),Augmentation Method 2,"Compose(
      ToPILImage()
      Resize(size=[224, 224], interpolation=InterpolationMode.BILINEAR, antialias=True)
      RandomHorizontalFlip(p=0.5)
      RandomVerticalFlip(p=0.5)
      RandomRotation(degrees=[-15.0, 15.0], interpolation=InterpolationMode.NEAREST, expand=False, fill=0)
      ColorJitter(brightness=(0.7, 1.3), contrast=(0.7, 1.3))
      ToTensor()
      ElasticTransform(alpha=[30.0, 30.0], sigma=[5.0, 5.0], interpolation=InterpolationMode.BILINEAR, fill=0)
      Normalize(mean=[0.485, 0.456, 0.406], std=[0.229, 0.224, 0.225], inplace=False)
)","Compose(
      ToPILImage()
      Resize(size=[224, 224], interpolation=InterpolationMode.BILINEAR, antialias=True)
      ToTensor()
      Normalize(mean=[0.485, 0.456, 0.406], std=[0.229, 0.224, 0.225], inplace=False)
)"
5,211.67738127708435,0.6487989994612607,0.6461989805102348,0.6487128287553787,0.726,0.741,0.734,InceptionResidualNet_config_2 (sgd + reduceLROnPlateau),Augmentation Method 2,"Compose(
      ToPILImage()
      Resize(size=[224, 224], interpolation=InterpolationMode.BILINEAR, antialias=True)
      RandomHorizontalFlip(p=0.5)
      RandomVerticalFlip(p=0.5)
      RandomRotation(degrees=[-15.0, 15.0], interpolation=InterpolationMode.NEAREST, expand=False, fill=0)
      ColorJitter(brightness=(0.7, 1.3), contrast=(0.7, 1.3))
      ToTensor()
      ElasticTransform(alpha=[30.0, 30.0], sigma=[5.0, 5.0], interpolation=InterpolationMode.BILINEAR, fill=0)
      Normalize(mean=[0.485, 0.456, 0.406], std=[0.229, 0.224, 0.225], inplace=False)
)","Compose(
      ToPILImage()
      Resize(size=[224, 224], interpolation=InterpolationMode.BILINEAR, antialias=True)
      ToTensor()
      Normalize(mean=[0.485, 0.456, 0.406], std=[0.229, 0.224, 0.225], inplace=False)
)"
6,246.29782819747925,0.6463532756675373,0.6444861069321632,0.6459482274949551,0.7317142857142858,0.744,0.758,InceptionResidualNet_config_2 (sgd + reduceLROnPlateau),Augmentation Method 2,"Compose(
      ToPILImage()
      Resize(size=[224, 224], interpolation=InterpolationMode.BILINEAR, antialias=True)
      RandomHorizontalFlip(p=0.5)
      RandomVerticalFlip(p=0.5)
      RandomRotation(degrees=[-15.0, 15.0], interpolation=InterpolationMode.NEAREST, expand=False, fill=0)
      ColorJitter(brightness=(0.7, 1.3), contrast=(0.7, 1.3))
      ToTensor()
      ElasticTransform(alpha=[30.0, 30.0], sigma=[5.0, 5.0], interpolation=InterpolationMode.BILINEAR, fill=0)
      Normalize(mean=[0.485, 0.456, 0.406], std=[0.229, 0.224, 0.225], inplace=False)
)","Compose(
      ToPILImage()
      Resize(size=[224, 224], interpolation=InterpolationMode.BILINEAR, antialias=True)
      ToTensor()
      Normalize(mean=[0.485, 0.456, 0.406], std=[0.229, 0.224, 0.225], inplace=False)
)"
7,281.1371912956238,0.6443272959102284,0.6421553064137697,0.6440355069935322,0.7268571428571429,0.745,0.754,InceptionResidualNet_config_2 (sgd + reduceLROnPlateau),Augmentation Method 2,"Compose(
      ToPILImage()
      Resize(size=[224, 224], interpolation=InterpolationMode.BILINEAR, antialias=True)
      RandomHorizontalFlip(p=0.5)
      RandomVerticalFlip(p=0.5)
      RandomRotation(degrees=[-15.0, 15.0], interpolation=InterpolationMode.NEAREST, expand=False, fill=0)
      ColorJitter(brightness=(0.7, 1.3), contrast=(0.7, 1.3))
      ToTensor()
      ElasticTransform(alpha=[30.0, 30.0], sigma=[5.0, 5.0], interpolation=InterpolationMode.BILINEAR, fill=0)
      Normalize(mean=[0.485, 0.456, 0.406], std=[0.229, 0.224, 0.225], inplace=False)
)","Compose(
      ToPILImage()
      Resize(size=[224, 224], interpolation=InterpolationMode.BILINEAR, antialias=True)
      ToTensor()
      Normalize(mean=[0.485, 0.456, 0.406], std=[0.229, 0.224, 0.225], inplace=False)
)"
8,316.6578526496887,0.6440647618337111,0.6389050651341677,0.6423159651458263,0.7248571428571429,0.751,0.738,InceptionResidualNet_config_2 (sgd + reduceLROnPlateau),Augmentation Method 2,"Compose(
      ToPILImage()
      Resize(size=[224, 224], interpolation=InterpolationMode.BILINEAR, antialias=True)
      RandomHorizontalFlip(p=0.5)
      RandomVerticalFlip(p=0.5)
      RandomRotation(degrees=[-15.0, 15.0], interpolation=InterpolationMode.NEAREST, expand=False, fill=0)
      ColorJitter(brightness=(0.7, 1.3), contrast=(0.7, 1.3))
      ToTensor()
      ElasticTransform(alpha=[30.0, 30.0], sigma=[5.0, 5.0], interpolation=InterpolationMode.BILINEAR, fill=0)
      Normalize(mean=[0.485, 0.456, 0.406], std=[0.229, 0.224, 0.225], inplace=False)
)","Compose(
      ToPILImage()
      Resize(size=[224, 224], interpolation=InterpolationMode.BILINEAR, antialias=True)
      ToTensor()
      Normalize(mean=[0.485, 0.456, 0.406], std=[0.229, 0.224, 0.225], inplace=False)
)"
9,351.5007917881012,0.6400849521160126,0.6367988809943199,0.639694582670927,0.7314285714285714,0.746,0.75,InceptionResidualNet_config_2 (sgd + reduceLROnPlateau),Augmentation Method 2,"Compose(
      ToPILImage()
      Resize(size=[224, 224], interpolation=InterpolationMode.BILINEAR, antialias=True)
      RandomHorizontalFlip(p=0.5)
      RandomVerticalFlip(p=0.5)
      RandomRotation(degrees=[-15.0, 15.0], interpolation=InterpolationMode.NEAREST, expand=False, fill=0)
      ColorJitter(brightness=(0.7, 1.3), contrast=(0.7, 1.3))
      ToTensor()
      ElasticTransform(alpha=[30.0, 30.0], sigma=[5.0, 5.0], interpolation=InterpolationMode.BILINEAR, fill=0)
      Normalize(mean=[0.485, 0.456, 0.406], std=[0.229, 0.224, 0.225], inplace=False)
)","Compose(
      ToPILImage()
      Resize(size=[224, 224], interpolation=InterpolationMode.BILINEAR, antialias=True)
      ToTensor()
      Normalize(mean=[0.485, 0.456, 0.406], std=[0.229, 0.224, 0.225], inplace=False)
)"
0,34.44233202934265,0.5751295016570525,0.5287346448749304,0.5329608377069235,0.7365714285714285,0.778,0.768,InceptionResidualNet_config_3 (adam + cosineAnnealing),Augmentation Method 1,"Compose(
      ToPILImage()
      Resize(size=[224, 224], interpolation=InterpolationMode.BILINEAR, antialias=True)
      RandomHorizontalFlip(p=0.5)
      RandomVerticalFlip(p=0.5)
      RandomRotation(degrees=[-30.0, 30.0], interpolation=InterpolationMode.NEAREST, expand=False, fill=0)
      ColorJitter(brightness=(0.8, 1.2), contrast=(0.8, 1.2))
      ToTensor()
      Normalize(mean=[0.485, 0.456, 0.406], std=[0.229, 0.224, 0.225], inplace=False)
)","Compose(
      ToPILImage()
      Resize(size=[224, 224], interpolation=InterpolationMode.BILINEAR, antialias=True)
      ToTensor()
      Normalize(mean=[0.485, 0.456, 0.406], std=[0.229, 0.224, 0.225], inplace=False)
)"
1,69.2816870212555,0.533373471010815,0.5208584563806653,0.521477185189724,0.7711428571428571,0.781,0.788,InceptionResidualNet_config_3 (adam + cosineAnnealing),Augmentation Method 1,"Compose(
      ToPILImage()
      Resize(size=[224, 224], interpolation=InterpolationMode.BILINEAR, antialias=True)
      RandomHorizontalFlip(p=0.5)
      RandomVerticalFlip(p=0.5)
      RandomRotation(degrees=[-30.0, 30.0], interpolation=InterpolationMode.NEAREST, expand=False, fill=0)
      ColorJitter(brightness=(0.8, 1.2), contrast=(0.8, 1.2))
      ToTensor()
      Normalize(mean=[0.485, 0.456, 0.406], std=[0.229, 0.224, 0.225], inplace=False)
)","Compose(
      ToPILImage()
      Resize(size=[224, 224], interpolation=InterpolationMode.BILINEAR, antialias=True)
      ToTensor()
      Normalize(mean=[0.485, 0.456, 0.406], std=[0.229, 0.224, 0.225], inplace=False)
)"
2,105.0878369808197,0.5330273915420879,0.5221934812143445,0.5211309008300304,0.7677142857142857,0.774,0.784,InceptionResidualNet_config_3 (adam + cosineAnnealing),Augmentation Method 1,"Compose(
      ToPILImage()
      Resize(size=[224, 224], interpolation=InterpolationMode.BILINEAR, antialias=True)
      RandomHorizontalFlip(p=0.5)
      RandomVerticalFlip(p=0.5)
      RandomRotation(degrees=[-30.0, 30.0], interpolation=InterpolationMode.NEAREST, expand=False, fill=0)
      ColorJitter(brightness=(0.8, 1.2), contrast=(0.8, 1.2))
      ToTensor()
      Normalize(mean=[0.485, 0.456, 0.406], std=[0.229, 0.224, 0.225], inplace=False)
)","Compose(
      ToPILImage()
      Resize(size=[224, 224], interpolation=InterpolationMode.BILINEAR, antialias=True)
      ToTensor()
      Normalize(mean=[0.485, 0.456, 0.406], std=[0.229, 0.224, 0.225], inplace=False)
)"
3,139.64852285385132,0.5233016561378132,0.5213837986811996,0.5192074198275805,0.782,0.775,0.788,InceptionResidualNet_config_3 (adam + cosineAnnealing),Augmentation Method 1,"Compose(
      ToPILImage()
      Resize(size=[224, 224], interpolation=InterpolationMode.BILINEAR, antialias=True)
      RandomHorizontalFlip(p=0.5)
      RandomVerticalFlip(p=0.5)
      RandomRotation(degrees=[-30.0, 30.0], interpolation=InterpolationMode.NEAREST, expand=False, fill=0)
      ColorJitter(brightness=(0.8, 1.2), contrast=(0.8, 1.2))
      ToTensor()
      Normalize(mean=[0.485, 0.456, 0.406], std=[0.229, 0.224, 0.225], inplace=False)
)","Compose(
      ToPILImage()
      Resize(size=[224, 224], interpolation=InterpolationMode.BILINEAR, antialias=True)
      ToTensor()
      Normalize(mean=[0.485, 0.456, 0.406], std=[0.229, 0.224, 0.225], inplace=False)
)"
4,174.0099368095398,0.5322238672863353,0.5186885893344879,0.5171742234379053,0.7662857142857142,0.785,0.796,InceptionResidualNet_config_3 (adam + cosineAnnealing),Augmentation Method 1,"Compose(
      ToPILImage()
      Resize(size=[224, 224], interpolation=InterpolationMode.BILINEAR, antialias=True)
      RandomHorizontalFlip(p=0.5)
      RandomVerticalFlip(p=0.5)
      RandomRotation(degrees=[-30.0, 30.0], interpolation=InterpolationMode.NEAREST, expand=False, fill=0)
      ColorJitter(brightness=(0.8, 1.2), contrast=(0.8, 1.2))
      ToTensor()
      Normalize(mean=[0.485, 0.456, 0.406], std=[0.229, 0.224, 0.225], inplace=False)
)","Compose(
      ToPILImage()
      Resize(size=[224, 224], interpolation=InterpolationMode.BILINEAR, antialias=True)
      ToTensor()
      Normalize(mean=[0.485, 0.456, 0.406], std=[0.229, 0.224, 0.225], inplace=False)
)"
5,207.3738567829132,0.5248896785757758,0.5164463566616178,0.514184607192874,0.7745714285714286,0.786,0.796,InceptionResidualNet_config_3 (adam + cosineAnnealing),Augmentation Method 1,"Compose(
      ToPILImage()
      Resize(size=[224, 224], interpolation=InterpolationMode.BILINEAR, antialias=True)
      RandomHorizontalFlip(p=0.5)
      RandomVerticalFlip(p=0.5)
      RandomRotation(degrees=[-30.0, 30.0], interpolation=InterpolationMode.NEAREST, expand=False, fill=0)
      ColorJitter(brightness=(0.8, 1.2), contrast=(0.8, 1.2))
      ToTensor()
      Normalize(mean=[0.485, 0.456, 0.406], std=[0.229, 0.224, 0.225], inplace=False)
)","Compose(
      ToPILImage()
      Resize(size=[224, 224], interpolation=InterpolationMode.BILINEAR, antialias=True)
      ToTensor()
      Normalize(mean=[0.485, 0.456, 0.406], std=[0.229, 0.224, 0.225], inplace=False)
)"
0,32.8372163772583,0.5181437039917166,0.5227732127532363,0.5011842660605907,0.7854285714285715,0.775,0.794,InceptionResidualNet_config_3 (adam + cosineAnnealing),Augmentation Method 2,"Compose(
      ToPILImage()
      Resize(size=[224, 224], interpolation=InterpolationMode.BILINEAR, antialias=True)
      RandomHorizontalFlip(p=0.5)
      RandomVerticalFlip(p=0.5)
      RandomRotation(degrees=[-15.0, 15.0], interpolation=InterpolationMode.NEAREST, expand=False, fill=0)
      ColorJitter(brightness=(0.7, 1.3), contrast=(0.7, 1.3))
      ToTensor()
      ElasticTransform(alpha=[30.0, 30.0], sigma=[5.0, 5.0], interpolation=InterpolationMode.BILINEAR, fill=0)
      Normalize(mean=[0.485, 0.456, 0.406], std=[0.229, 0.224, 0.225], inplace=False)
)","Compose(
      ToPILImage()
      Resize(size=[224, 224], interpolation=InterpolationMode.BILINEAR, antialias=True)
      ToTensor()
      Normalize(mean=[0.485, 0.456, 0.406], std=[0.229, 0.224, 0.225], inplace=False)
)"
1,66.3885428905487,0.5226749934933402,0.5223957225680351,0.5051235407590866,0.7774285714285715,0.776,0.788,InceptionResidualNet_config_3 (adam + cosineAnnealing),Augmentation Method 2,"Compose(
      ToPILImage()
      Resize(size=[224, 224], interpolation=InterpolationMode.BILINEAR, antialias=True)
      RandomHorizontalFlip(p=0.5)
      RandomVerticalFlip(p=0.5)
      RandomRotation(degrees=[-15.0, 15.0], interpolation=InterpolationMode.NEAREST, expand=False, fill=0)
      ColorJitter(brightness=(0.7, 1.3), contrast=(0.7, 1.3))
      ToTensor()
      ElasticTransform(alpha=[30.0, 30.0], sigma=[5.0, 5.0], interpolation=InterpolationMode.BILINEAR, fill=0)
      Normalize(mean=[0.485, 0.456, 0.406], std=[0.229, 0.224, 0.225], inplace=False)
)","Compose(
      ToPILImage()
      Resize(size=[224, 224], interpolation=InterpolationMode.BILINEAR, antialias=True)
      ToTensor()
      Normalize(mean=[0.485, 0.456, 0.406], std=[0.229, 0.224, 0.225], inplace=False)
)"
2,100.35544896125793,0.5194737521084872,0.5236223125830293,0.5089294463396072,0.7834285714285715,0.779,0.784,InceptionResidualNet_config_3 (adam + cosineAnnealing),Augmentation Method 2,"Compose(
      ToPILImage()
      Resize(size=[224, 224], interpolation=InterpolationMode.BILINEAR, antialias=True)
      RandomHorizontalFlip(p=0.5)
      RandomVerticalFlip(p=0.5)
      RandomRotation(degrees=[-15.0, 15.0], interpolation=InterpolationMode.NEAREST, expand=False, fill=0)
      ColorJitter(brightness=(0.7, 1.3), contrast=(0.7, 1.3))
      ToTensor()
      ElasticTransform(alpha=[30.0, 30.0], sigma=[5.0, 5.0], interpolation=InterpolationMode.BILINEAR, fill=0)
      Normalize(mean=[0.485, 0.456, 0.406], std=[0.229, 0.224, 0.225], inplace=False)
)","Compose(
      ToPILImage()
      Resize(size=[224, 224], interpolation=InterpolationMode.BILINEAR, antialias=True)
      ToTensor()
      Normalize(mean=[0.485, 0.456, 0.406], std=[0.229, 0.224, 0.225], inplace=False)
)"
3,138.99490594863892,0.5157490960576318,0.5214594583958387,0.5005407463759184,0.788,0.777,0.792,InceptionResidualNet_config_3 (adam + cosineAnnealing),Augmentation Method 2,"Compose(
      ToPILImage()
      Resize(size=[224, 224], interpolation=InterpolationMode.BILINEAR, antialias=True)
      RandomHorizontalFlip(p=0.5)
      RandomVerticalFlip(p=0.5)
      RandomRotation(degrees=[-15.0, 15.0], interpolation=InterpolationMode.NEAREST, expand=False, fill=0)
      ColorJitter(brightness=(0.7, 1.3), contrast=(0.7, 1.3))
      ToTensor()
      ElasticTransform(alpha=[30.0, 30.0], sigma=[5.0, 5.0], interpolation=InterpolationMode.BILINEAR, fill=0)
      Normalize(mean=[0.485, 0.456, 0.406], std=[0.229, 0.224, 0.225], inplace=False)
)","Compose(
      ToPILImage()
      Resize(size=[224, 224], interpolation=InterpolationMode.BILINEAR, antialias=True)
      ToTensor()
      Normalize(mean=[0.485, 0.456, 0.406], std=[0.229, 0.224, 0.225], inplace=False)
)"
4,178.46389269828796,0.5202462816780263,0.5253248186782002,0.503841107711196,0.7845714285714286,0.771,0.802,InceptionResidualNet_config_3 (adam + cosineAnnealing),Augmentation Method 2,"Compose(
      ToPILImage()
      Resize(size=[224, 224], interpolation=InterpolationMode.BILINEAR, antialias=True)
      RandomHorizontalFlip(p=0.5)
      RandomVerticalFlip(p=0.5)
      RandomRotation(degrees=[-15.0, 15.0], interpolation=InterpolationMode.NEAREST, expand=False, fill=0)
      ColorJitter(brightness=(0.7, 1.3), contrast=(0.7, 1.3))
      ToTensor()
      ElasticTransform(alpha=[30.0, 30.0], sigma=[5.0, 5.0], interpolation=InterpolationMode.BILINEAR, fill=0)
      Normalize(mean=[0.485, 0.456, 0.406], std=[0.229, 0.224, 0.225], inplace=False)
)","Compose(
      ToPILImage()
      Resize(size=[224, 224], interpolation=InterpolationMode.BILINEAR, antialias=True)
      ToTensor()
      Normalize(mean=[0.485, 0.456, 0.406], std=[0.229, 0.224, 0.225], inplace=False)
)"
5,220.75945210456848,0.5136921874501489,0.5217899307608604,0.5077321361750364,0.79,0.786,0.784,InceptionResidualNet_config_3 (adam + cosineAnnealing),Augmentation Method 2,"Compose(
      ToPILImage()
      Resize(size=[224, 224], interpolation=InterpolationMode.BILINEAR, antialias=True)
      RandomHorizontalFlip(p=0.5)
      RandomVerticalFlip(p=0.5)
      RandomRotation(degrees=[-15.0, 15.0], interpolation=InterpolationMode.NEAREST, expand=False, fill=0)
      ColorJitter(brightness=(0.7, 1.3), contrast=(0.7, 1.3))
      ToTensor()
      ElasticTransform(alpha=[30.0, 30.0], sigma=[5.0, 5.0], interpolation=InterpolationMode.BILINEAR, fill=0)
      Normalize(mean=[0.485, 0.456, 0.406], std=[0.229, 0.224, 0.225], inplace=False)
)","Compose(
      ToPILImage()
      Resize(size=[224, 224], interpolation=InterpolationMode.BILINEAR, antialias=True)
      ToTensor()
      Normalize(mean=[0.485, 0.456, 0.406], std=[0.229, 0.224, 0.225], inplace=False)
)"
6,260.37734031677246,0.5209379301829772,0.5209989324212074,0.5006593186408281,0.7788571428571428,0.786,0.802,InceptionResidualNet_config_3 (adam + cosineAnnealing),Augmentation Method 2,"Compose(
      ToPILImage()
      Resize(size=[224, 224], interpolation=InterpolationMode.BILINEAR, antialias=True)
      RandomHorizontalFlip(p=0.5)
      RandomVerticalFlip(p=0.5)
      RandomRotation(degrees=[-15.0, 15.0], interpolation=InterpolationMode.NEAREST, expand=False, fill=0)
      ColorJitter(brightness=(0.7, 1.3), contrast=(0.7, 1.3))
      ToTensor()
      ElasticTransform(alpha=[30.0, 30.0], sigma=[5.0, 5.0], interpolation=InterpolationMode.BILINEAR, fill=0)
      Normalize(mean=[0.485, 0.456, 0.406], std=[0.229, 0.224, 0.225], inplace=False)
)","Compose(
      ToPILImage()
      Resize(size=[224, 224], interpolation=InterpolationMode.BILINEAR, antialias=True)
      ToTensor()
      Normalize(mean=[0.485, 0.456, 0.406], std=[0.229, 0.224, 0.225], inplace=False)
)"
7,300.1784563064575,0.5125606089830399,0.5216449992731214,0.5035381242632866,0.7928571428571428,0.788,0.792,InceptionResidualNet_config_3 (adam + cosineAnnealing),Augmentation Method 2,"Compose(
      ToPILImage()
      Resize(size=[224, 224], interpolation=InterpolationMode.BILINEAR, antialias=True)
      RandomHorizontalFlip(p=0.5)
      RandomVerticalFlip(p=0.5)
      RandomRotation(degrees=[-15.0, 15.0], interpolation=InterpolationMode.NEAREST, expand=False, fill=0)
      ColorJitter(brightness=(0.7, 1.3), contrast=(0.7, 1.3))
      ToTensor()
      ElasticTransform(alpha=[30.0, 30.0], sigma=[5.0, 5.0], interpolation=InterpolationMode.BILINEAR, fill=0)
      Normalize(mean=[0.485, 0.456, 0.406], std=[0.229, 0.224, 0.225], inplace=False)
)","Compose(
      ToPILImage()
      Resize(size=[224, 224], interpolation=InterpolationMode.BILINEAR, antialias=True)
      ToTensor()
      Normalize(mean=[0.485, 0.456, 0.406], std=[0.229, 0.224, 0.225], inplace=False)
)"
8,341.1986291408539,0.5159343337470835,0.5220502112060785,0.49388536252081394,0.7877142857142857,0.776,0.806,InceptionResidualNet_config_3 (adam + cosineAnnealing),Augmentation Method 2,"Compose(
      ToPILImage()
      Resize(size=[224, 224], interpolation=InterpolationMode.BILINEAR, antialias=True)
      RandomHorizontalFlip(p=0.5)
      RandomVerticalFlip(p=0.5)
      RandomRotation(degrees=[-15.0, 15.0], interpolation=InterpolationMode.NEAREST, expand=False, fill=0)
      ColorJitter(brightness=(0.7, 1.3), contrast=(0.7, 1.3))
      ToTensor()
      ElasticTransform(alpha=[30.0, 30.0], sigma=[5.0, 5.0], interpolation=InterpolationMode.BILINEAR, fill=0)
      Normalize(mean=[0.485, 0.456, 0.406], std=[0.229, 0.224, 0.225], inplace=False)
)","Compose(
      ToPILImage()
      Resize(size=[224, 224], interpolation=InterpolationMode.BILINEAR, antialias=True)
      ToTensor()
      Normalize(mean=[0.485, 0.456, 0.406], std=[0.229, 0.224, 0.225], inplace=False)
)"
9,383.4503085613251,0.5118356319991025,0.5220442740246654,0.5028585996478796,0.792,0.788,0.798,InceptionResidualNet_config_3 (adam + cosineAnnealing),Augmentation Method 2,"Compose(
      ToPILImage()
      Resize(size=[224, 224], interpolation=InterpolationMode.BILINEAR, antialias=True)
      RandomHorizontalFlip(p=0.5)
      RandomVerticalFlip(p=0.5)
      RandomRotation(degrees=[-15.0, 15.0], interpolation=InterpolationMode.NEAREST, expand=False, fill=0)
      ColorJitter(brightness=(0.7, 1.3), contrast=(0.7, 1.3))
      ToTensor()
      ElasticTransform(alpha=[30.0, 30.0], sigma=[5.0, 5.0], interpolation=InterpolationMode.BILINEAR, fill=0)
      Normalize(mean=[0.485, 0.456, 0.406], std=[0.229, 0.224, 0.225], inplace=False)
)","Compose(
      ToPILImage()
      Resize(size=[224, 224], interpolation=InterpolationMode.BILINEAR, antialias=True)
      ToTensor()
      Normalize(mean=[0.485, 0.456, 0.406], std=[0.229, 0.224, 0.225], inplace=False)
)"
10,425.96005153656006,0.5138737762516196,0.5208574226126075,0.5009985864162445,0.7911428571428571,0.79,0.794,InceptionResidualNet_config_3 (adam + cosineAnnealing),Augmentation Method 2,"Compose(
      ToPILImage()
      Resize(size=[224, 224], interpolation=InterpolationMode.BILINEAR, antialias=True)
      RandomHorizontalFlip(p=0.5)
      RandomVerticalFlip(p=0.5)
      RandomRotation(degrees=[-15.0, 15.0], interpolation=InterpolationMode.NEAREST, expand=False, fill=0)
      ColorJitter(brightness=(0.7, 1.3), contrast=(0.7, 1.3))
      ToTensor()
      ElasticTransform(alpha=[30.0, 30.0], sigma=[5.0, 5.0], interpolation=InterpolationMode.BILINEAR, fill=0)
      Normalize(mean=[0.485, 0.456, 0.406], std=[0.229, 0.224, 0.225], inplace=False)
)","Compose(
      ToPILImage()
      Resize(size=[224, 224], interpolation=InterpolationMode.BILINEAR, antialias=True)
      ToTensor()
      Normalize(mean=[0.485, 0.456, 0.406], std=[0.229, 0.224, 0.225], inplace=False)
)"
0,42.62939429283142,0.6949062645435333,0.689244719222188,0.691283393651247,0.49714285714285716,0.513,0.496,InceptionResidualNet_config_4 (sgd + cosineAnnealing),Augmentation Method 1,"Compose(
      ToPILImage()
      Resize(size=[224, 224], interpolation=InterpolationMode.BILINEAR, antialias=True)
      RandomHorizontalFlip(p=0.5)
      RandomVerticalFlip(p=0.5)
      RandomRotation(degrees=[-30.0, 30.0], interpolation=InterpolationMode.NEAREST, expand=False, fill=0)
      ColorJitter(brightness=(0.8, 1.2), contrast=(0.8, 1.2))
      ToTensor()
      Normalize(mean=[0.485, 0.456, 0.406], std=[0.229, 0.224, 0.225], inplace=False)
)","Compose(
      ToPILImage()
      Resize(size=[224, 224], interpolation=InterpolationMode.BILINEAR, antialias=True)
      ToTensor()
      Normalize(mean=[0.485, 0.456, 0.406], std=[0.229, 0.224, 0.225], inplace=False)
)"
1,85.51210331916809,0.6898865423419259,0.6852032709866762,0.6871023140847683,0.5042857142857143,0.513,0.496,InceptionResidualNet_config_4 (sgd + cosineAnnealing),Augmentation Method 1,"Compose(
      ToPILImage()
      Resize(size=[224, 224], interpolation=InterpolationMode.BILINEAR, antialias=True)
      RandomHorizontalFlip(p=0.5)
      RandomVerticalFlip(p=0.5)
      RandomRotation(degrees=[-30.0, 30.0], interpolation=InterpolationMode.NEAREST, expand=False, fill=0)
      ColorJitter(brightness=(0.8, 1.2), contrast=(0.8, 1.2))
      ToTensor()
      Normalize(mean=[0.485, 0.456, 0.406], std=[0.229, 0.224, 0.225], inplace=False)
)","Compose(
      ToPILImage()
      Resize(size=[224, 224], interpolation=InterpolationMode.BILINEAR, antialias=True)
      ToTensor()
      Normalize(mean=[0.485, 0.456, 0.406], std=[0.229, 0.224, 0.225], inplace=False)
)"
2,128.47637557983398,0.6876870978962292,0.6822467651218176,0.683956615626812,0.516,0.513,0.496,InceptionResidualNet_config_4 (sgd + cosineAnnealing),Augmentation Method 1,"Compose(
      ToPILImage()
      Resize(size=[224, 224], interpolation=InterpolationMode.BILINEAR, antialias=True)
      RandomHorizontalFlip(p=0.5)
      RandomVerticalFlip(p=0.5)
      RandomRotation(degrees=[-30.0, 30.0], interpolation=InterpolationMode.NEAREST, expand=False, fill=0)
      ColorJitter(brightness=(0.8, 1.2), contrast=(0.8, 1.2))
      ToTensor()
      Normalize(mean=[0.485, 0.456, 0.406], std=[0.229, 0.224, 0.225], inplace=False)
)","Compose(
      ToPILImage()
      Resize(size=[224, 224], interpolation=InterpolationMode.BILINEAR, antialias=True)
      ToTensor()
      Normalize(mean=[0.485, 0.456, 0.406], std=[0.229, 0.224, 0.225], inplace=False)
)"
3,169.24225902557373,0.6825851006941361,0.6787056867033243,0.6803189925849438,0.5362857142857143,0.513,0.496,InceptionResidualNet_config_4 (sgd + cosineAnnealing),Augmentation Method 1,"Compose(
      ToPILImage()
      Resize(size=[224, 224], interpolation=InterpolationMode.BILINEAR, antialias=True)
      RandomHorizontalFlip(p=0.5)
      RandomVerticalFlip(p=0.5)
      RandomRotation(degrees=[-30.0, 30.0], interpolation=InterpolationMode.NEAREST, expand=False, fill=0)
      ColorJitter(brightness=(0.8, 1.2), contrast=(0.8, 1.2))
      ToTensor()
      Normalize(mean=[0.485, 0.456, 0.406], std=[0.229, 0.224, 0.225], inplace=False)
)","Compose(
      ToPILImage()
      Resize(size=[224, 224], interpolation=InterpolationMode.BILINEAR, antialias=True)
      ToTensor()
      Normalize(mean=[0.485, 0.456, 0.406], std=[0.229, 0.224, 0.225], inplace=False)
)"
4,209.59102869033813,0.6809198471632871,0.6758054178208113,0.6773414723575115,0.5471428571428572,0.513,0.496,InceptionResidualNet_config_4 (sgd + cosineAnnealing),Augmentation Method 1,"Compose(
      ToPILImage()
      Resize(size=[224, 224], interpolation=InterpolationMode.BILINEAR, antialias=True)
      RandomHorizontalFlip(p=0.5)
      RandomVerticalFlip(p=0.5)
      RandomRotation(degrees=[-30.0, 30.0], interpolation=InterpolationMode.NEAREST, expand=False, fill=0)
      ColorJitter(brightness=(0.8, 1.2), contrast=(0.8, 1.2))
      ToTensor()
      Normalize(mean=[0.485, 0.456, 0.406], std=[0.229, 0.224, 0.225], inplace=False)
)","Compose(
      ToPILImage()
      Resize(size=[224, 224], interpolation=InterpolationMode.BILINEAR, antialias=True)
      ToTensor()
      Normalize(mean=[0.485, 0.456, 0.406], std=[0.229, 0.224, 0.225], inplace=False)
)"
5,249.38039827346802,0.6785769538445906,0.6725440341979265,0.6739908382296562,0.5634285714285714,0.523,0.518,InceptionResidualNet_config_4 (sgd + cosineAnnealing),Augmentation Method 1,"Compose(
      ToPILImage()
      Resize(size=[224, 224], interpolation=InterpolationMode.BILINEAR, antialias=True)
      RandomHorizontalFlip(p=0.5)
      RandomVerticalFlip(p=0.5)
      RandomRotation(degrees=[-30.0, 30.0], interpolation=InterpolationMode.NEAREST, expand=False, fill=0)
      ColorJitter(brightness=(0.8, 1.2), contrast=(0.8, 1.2))
      ToTensor()
      Normalize(mean=[0.485, 0.456, 0.406], std=[0.229, 0.224, 0.225], inplace=False)
)","Compose(
      ToPILImage()
      Resize(size=[224, 224], interpolation=InterpolationMode.BILINEAR, antialias=True)
      ToTensor()
      Normalize(mean=[0.485, 0.456, 0.406], std=[0.229, 0.224, 0.225], inplace=False)
)"
0,42.78387379646301,0.6744807514277371,0.6708436515182257,0.6734382063150406,0.5811428571428572,0.559,0.536,InceptionResidualNet_config_4 (sgd + cosineAnnealing),Augmentation Method 2,"Compose(
      ToPILImage()
      Resize(size=[224, 224], interpolation=InterpolationMode.BILINEAR, antialias=True)
      RandomHorizontalFlip(p=0.5)
      RandomVerticalFlip(p=0.5)
      RandomRotation(degrees=[-15.0, 15.0], interpolation=InterpolationMode.NEAREST, expand=False, fill=0)
      ColorJitter(brightness=(0.7, 1.3), contrast=(0.7, 1.3))
      ToTensor()
      ElasticTransform(alpha=[30.0, 30.0], sigma=[5.0, 5.0], interpolation=InterpolationMode.BILINEAR, fill=0)
      Normalize(mean=[0.485, 0.456, 0.406], std=[0.229, 0.224, 0.225], inplace=False)
)","Compose(
      ToPILImage()
      Resize(size=[224, 224], interpolation=InterpolationMode.BILINEAR, antialias=True)
      ToTensor()
      Normalize(mean=[0.485, 0.456, 0.406], std=[0.229, 0.224, 0.225], inplace=False)
)"
1,84.76089596748352,0.6728111787275834,0.6689138859510422,0.6713734231889248,0.6025714285714285,0.631,0.6,InceptionResidualNet_config_4 (sgd + cosineAnnealing),Augmentation Method 2,"Compose(
      ToPILImage()
      Resize(size=[224, 224], interpolation=InterpolationMode.BILINEAR, antialias=True)
      RandomHorizontalFlip(p=0.5)
      RandomVerticalFlip(p=0.5)
      RandomRotation(degrees=[-15.0, 15.0], interpolation=InterpolationMode.NEAREST, expand=False, fill=0)
      ColorJitter(brightness=(0.7, 1.3), contrast=(0.7, 1.3))
      ToTensor()
      ElasticTransform(alpha=[30.0, 30.0], sigma=[5.0, 5.0], interpolation=InterpolationMode.BILINEAR, fill=0)
      Normalize(mean=[0.485, 0.456, 0.406], std=[0.229, 0.224, 0.225], inplace=False)
)","Compose(
      ToPILImage()
      Resize(size=[224, 224], interpolation=InterpolationMode.BILINEAR, antialias=True)
      ToTensor()
      Normalize(mean=[0.485, 0.456, 0.406], std=[0.229, 0.224, 0.225], inplace=False)
)"
2,126.51113820075989,0.6697371146895669,0.6665611658245325,0.6693360581994057,0.6102857142857143,0.64,0.618,InceptionResidualNet_config_4 (sgd + cosineAnnealing),Augmentation Method 2,"Compose(
      ToPILImage()
      Resize(size=[224, 224], interpolation=InterpolationMode.BILINEAR, antialias=True)
      RandomHorizontalFlip(p=0.5)
      RandomVerticalFlip(p=0.5)
      RandomRotation(degrees=[-15.0, 15.0], interpolation=InterpolationMode.NEAREST, expand=False, fill=0)
      ColorJitter(brightness=(0.7, 1.3), contrast=(0.7, 1.3))
      ToTensor()
      ElasticTransform(alpha=[30.0, 30.0], sigma=[5.0, 5.0], interpolation=InterpolationMode.BILINEAR, fill=0)
      Normalize(mean=[0.485, 0.456, 0.406], std=[0.229, 0.224, 0.225], inplace=False)
)","Compose(
      ToPILImage()
      Resize(size=[224, 224], interpolation=InterpolationMode.BILINEAR, antialias=True)
      ToTensor()
      Normalize(mean=[0.485, 0.456, 0.406], std=[0.229, 0.224, 0.225], inplace=False)
)"
3,166.5607340335846,0.6675086286934939,0.664631363004446,0.6676266565918922,0.6331428571428571,0.673,0.648,InceptionResidualNet_config_4 (sgd + cosineAnnealing),Augmentation Method 2,"Compose(
      ToPILImage()
      Resize(size=[224, 224], interpolation=InterpolationMode.BILINEAR, antialias=True)
      RandomHorizontalFlip(p=0.5)
      RandomVerticalFlip(p=0.5)
      RandomRotation(degrees=[-15.0, 15.0], interpolation=InterpolationMode.NEAREST, expand=False, fill=0)
      ColorJitter(brightness=(0.7, 1.3), contrast=(0.7, 1.3))
      ToTensor()
      ElasticTransform(alpha=[30.0, 30.0], sigma=[5.0, 5.0], interpolation=InterpolationMode.BILINEAR, fill=0)
      Normalize(mean=[0.485, 0.456, 0.406], std=[0.229, 0.224, 0.225], inplace=False)
)","Compose(
      ToPILImage()
      Resize(size=[224, 224], interpolation=InterpolationMode.BILINEAR, antialias=True)
      ToTensor()
      Normalize(mean=[0.485, 0.456, 0.406], std=[0.229, 0.224, 0.225], inplace=False)
)"
4,209.61794066429138,0.665443690256639,0.6631973087787628,0.6665023379027843,0.6397142857142857,0.686,0.672,InceptionResidualNet_config_4 (sgd + cosineAnnealing),Augmentation Method 2,"Compose(
      ToPILImage()
      Resize(size=[224, 224], interpolation=InterpolationMode.BILINEAR, antialias=True)
      RandomHorizontalFlip(p=0.5)
      RandomVerticalFlip(p=0.5)
      RandomRotation(degrees=[-15.0, 15.0], interpolation=InterpolationMode.NEAREST, expand=False, fill=0)
      ColorJitter(brightness=(0.7, 1.3), contrast=(0.7, 1.3))
      ToTensor()
      ElasticTransform(alpha=[30.0, 30.0], sigma=[5.0, 5.0], interpolation=InterpolationMode.BILINEAR, fill=0)
      Normalize(mean=[0.485, 0.456, 0.406], std=[0.229, 0.224, 0.225], inplace=False)
)","Compose(
      ToPILImage()
      Resize(size=[224, 224], interpolation=InterpolationMode.BILINEAR, antialias=True)
      ToTensor()
      Normalize(mean=[0.485, 0.456, 0.406], std=[0.229, 0.224, 0.225], inplace=False)
)"
5,253.8655083179474,0.6654273412444375,0.6618706453591585,0.6650870181620121,0.6394285714285715,0.684,0.672,InceptionResidualNet_config_4 (sgd + cosineAnnealing),Augmentation Method 2,"Compose(
      ToPILImage()
      Resize(size=[224, 224], interpolation=InterpolationMode.BILINEAR, antialias=True)
      RandomHorizontalFlip(p=0.5)
      RandomVerticalFlip(p=0.5)
      RandomRotation(degrees=[-15.0, 15.0], interpolation=InterpolationMode.NEAREST, expand=False, fill=0)
      ColorJitter(brightness=(0.7, 1.3), contrast=(0.7, 1.3))
      ToTensor()
      ElasticTransform(alpha=[30.0, 30.0], sigma=[5.0, 5.0], interpolation=InterpolationMode.BILINEAR, fill=0)
      Normalize(mean=[0.485, 0.456, 0.406], std=[0.229, 0.224, 0.225], inplace=False)
)","Compose(
      ToPILImage()
      Resize(size=[224, 224], interpolation=InterpolationMode.BILINEAR, antialias=True)
      ToTensor()
      Normalize(mean=[0.485, 0.456, 0.406], std=[0.229, 0.224, 0.225], inplace=False)
)"
6,297.8687074184418,0.6638548325408589,0.6612442601472139,0.6642166450619698,0.6494285714285715,0.697,0.68,InceptionResidualNet_config_4 (sgd + cosineAnnealing),Augmentation Method 2,"Compose(
      ToPILImage()
      Resize(size=[224, 224], interpolation=InterpolationMode.BILINEAR, antialias=True)
      RandomHorizontalFlip(p=0.5)
      RandomVerticalFlip(p=0.5)
      RandomRotation(degrees=[-15.0, 15.0], interpolation=InterpolationMode.NEAREST, expand=False, fill=0)
      ColorJitter(brightness=(0.7, 1.3), contrast=(0.7, 1.3))
      ToTensor()
      ElasticTransform(alpha=[30.0, 30.0], sigma=[5.0, 5.0], interpolation=InterpolationMode.BILINEAR, fill=0)
      Normalize(mean=[0.485, 0.456, 0.406], std=[0.229, 0.224, 0.225], inplace=False)
)","Compose(
      ToPILImage()
      Resize(size=[224, 224], interpolation=InterpolationMode.BILINEAR, antialias=True)
      ToTensor()
      Normalize(mean=[0.485, 0.456, 0.406], std=[0.229, 0.224, 0.225], inplace=False)
)"
7,338.8254671096802,0.6624468890103427,0.6607340630143881,0.6637691408395767,0.6562857142857143,0.715,0.696,InceptionResidualNet_config_4 (sgd + cosineAnnealing),Augmentation Method 2,"Compose(
      ToPILImage()
      Resize(size=[224, 224], interpolation=InterpolationMode.BILINEAR, antialias=True)
      RandomHorizontalFlip(p=0.5)
      RandomVerticalFlip(p=0.5)
      RandomRotation(degrees=[-15.0, 15.0], interpolation=InterpolationMode.NEAREST, expand=False, fill=0)
      ColorJitter(brightness=(0.7, 1.3), contrast=(0.7, 1.3))
      ToTensor()
      ElasticTransform(alpha=[30.0, 30.0], sigma=[5.0, 5.0], interpolation=InterpolationMode.BILINEAR, fill=0)
      Normalize(mean=[0.485, 0.456, 0.406], std=[0.229, 0.224, 0.225], inplace=False)
)","Compose(
      ToPILImage()
      Resize(size=[224, 224], interpolation=InterpolationMode.BILINEAR, antialias=True)
      ToTensor()
      Normalize(mean=[0.485, 0.456, 0.406], std=[0.229, 0.224, 0.225], inplace=False)
)"
8,378.9513704776764,0.6621212081475691,0.6595004182308912,0.6631890349090099,0.6651428571428571,0.708,0.702,InceptionResidualNet_config_4 (sgd + cosineAnnealing),Augmentation Method 2,"Compose(
      ToPILImage()
      Resize(size=[224, 224], interpolation=InterpolationMode.BILINEAR, antialias=True)
      RandomHorizontalFlip(p=0.5)
      RandomVerticalFlip(p=0.5)
      RandomRotation(degrees=[-15.0, 15.0], interpolation=InterpolationMode.NEAREST, expand=False, fill=0)
      ColorJitter(brightness=(0.7, 1.3), contrast=(0.7, 1.3))
      ToTensor()
      ElasticTransform(alpha=[30.0, 30.0], sigma=[5.0, 5.0], interpolation=InterpolationMode.BILINEAR, fill=0)
      Normalize(mean=[0.485, 0.456, 0.406], std=[0.229, 0.224, 0.225], inplace=False)
)","Compose(
      ToPILImage()
      Resize(size=[224, 224], interpolation=InterpolationMode.BILINEAR, antialias=True)
      ToTensor()
      Normalize(mean=[0.485, 0.456, 0.406], std=[0.229, 0.224, 0.225], inplace=False)
)"
9,420.3825452327728,0.6620841427282853,0.6592834908515215,0.6623685993254185,0.6631428571428571,0.716,0.694,InceptionResidualNet_config_4 (sgd + cosineAnnealing),Augmentation Method 2,"Compose(
      ToPILImage()
      Resize(size=[224, 224], interpolation=InterpolationMode.BILINEAR, antialias=True)
      RandomHorizontalFlip(p=0.5)
      RandomVerticalFlip(p=0.5)
      RandomRotation(degrees=[-15.0, 15.0], interpolation=InterpolationMode.NEAREST, expand=False, fill=0)
      ColorJitter(brightness=(0.7, 1.3), contrast=(0.7, 1.3))
      ToTensor()
      ElasticTransform(alpha=[30.0, 30.0], sigma=[5.0, 5.0], interpolation=InterpolationMode.BILINEAR, fill=0)
      Normalize(mean=[0.485, 0.456, 0.406], std=[0.229, 0.224, 0.225], inplace=False)
)","Compose(
      ToPILImage()
      Resize(size=[224, 224], interpolation=InterpolationMode.BILINEAR, antialias=True)
      ToTensor()
      Normalize(mean=[0.485, 0.456, 0.406], std=[0.229, 0.224, 0.225], inplace=False)
)"
10,462.84195470809937,0.6614811490882527,0.6590220686048269,0.6621803008019924,0.6694285714285715,0.712,0.69,InceptionResidualNet_config_4 (sgd + cosineAnnealing),Augmentation Method 2,"Compose(
      ToPILImage()
      Resize(size=[224, 224], interpolation=InterpolationMode.BILINEAR, antialias=True)
      RandomHorizontalFlip(p=0.5)
      RandomVerticalFlip(p=0.5)
      RandomRotation(degrees=[-15.0, 15.0], interpolation=InterpolationMode.NEAREST, expand=False, fill=0)
      ColorJitter(brightness=(0.7, 1.3), contrast=(0.7, 1.3))
      ToTensor()
      ElasticTransform(alpha=[30.0, 30.0], sigma=[5.0, 5.0], interpolation=InterpolationMode.BILINEAR, fill=0)
      Normalize(mean=[0.485, 0.456, 0.406], std=[0.229, 0.224, 0.225], inplace=False)
)","Compose(
      ToPILImage()
      Resize(size=[224, 224], interpolation=InterpolationMode.BILINEAR, antialias=True)
      ToTensor()
      Normalize(mean=[0.485, 0.456, 0.406], std=[0.229, 0.224, 0.225], inplace=False)
)"
11,504.5844986438751,0.6602769586172971,0.6587924528867006,0.6619862765073776,0.6577142857142857,0.723,0.7,InceptionResidualNet_config_4 (sgd + cosineAnnealing),Augmentation Method 2,"Compose(
      ToPILImage()
      Resize(size=[224, 224], interpolation=InterpolationMode.BILINEAR, antialias=True)
      RandomHorizontalFlip(p=0.5)
      RandomVerticalFlip(p=0.5)
      RandomRotation(degrees=[-15.0, 15.0], interpolation=InterpolationMode.NEAREST, expand=False, fill=0)
      ColorJitter(brightness=(0.7, 1.3), contrast=(0.7, 1.3))
      ToTensor()
      ElasticTransform(alpha=[30.0, 30.0], sigma=[5.0, 5.0], interpolation=InterpolationMode.BILINEAR, fill=0)
      Normalize(mean=[0.485, 0.456, 0.406], std=[0.229, 0.224, 0.225], inplace=False)
)","Compose(
      ToPILImage()
      Resize(size=[224, 224], interpolation=InterpolationMode.BILINEAR, antialias=True)
      ToTensor()
      Normalize(mean=[0.485, 0.456, 0.406], std=[0.229, 0.224, 0.225], inplace=False)
)"
12,546.8381161689758,0.6616081671281294,0.658629696816206,0.6619082279503345,0.6514285714285715,0.716,0.692,InceptionResidualNet_config_4 (sgd + cosineAnnealing),Augmentation Method 2,"Compose(
      ToPILImage()
      Resize(size=[224, 224], interpolation=InterpolationMode.BILINEAR, antialias=True)
      RandomHorizontalFlip(p=0.5)
      RandomVerticalFlip(p=0.5)
      RandomRotation(degrees=[-15.0, 15.0], interpolation=InterpolationMode.NEAREST, expand=False, fill=0)
      ColorJitter(brightness=(0.7, 1.3), contrast=(0.7, 1.3))
      ToTensor()
      ElasticTransform(alpha=[30.0, 30.0], sigma=[5.0, 5.0], interpolation=InterpolationMode.BILINEAR, fill=0)
      Normalize(mean=[0.485, 0.456, 0.406], std=[0.229, 0.224, 0.225], inplace=False)
)","Compose(
      ToPILImage()
      Resize(size=[224, 224], interpolation=InterpolationMode.BILINEAR, antialias=True)
      ToTensor()
      Normalize(mean=[0.485, 0.456, 0.406], std=[0.229, 0.224, 0.225], inplace=False)
)"
